{"cameraMode":{"drawMode":0,"name":"Shaded","section":"Shading Mode"},"sceneLighting":false,"audioPlay":false,"sceneViewState":{"m_AlwaysRefresh":false,"showFog":true,"showSkybox":false,"showFlares":true,"showImageEffects":true,"showParticleSystems":true,"showVisualEffectGraphs":true,"m_FxEnabled":true},"in2DMode":false,"pivot":{"x":35.073883056640628,"y":1.2173446416854859,"z":0.20000016689300538},"rotation":{"x":0.08685038238763809,"y":-0.7185335755348206,"z":0.09125445783138275,"w":0.6840150952339172},"size":1.915624976158142,"orthographic":false}